STMT_TX,TRANSACTION_DATE,TRANSACTION_AMOUNT
b*Makro Durban,2023-10-15,362.78
b*Checkers Port Elizabeth 1424 7331 8550 4833,2023-08-21,469.41
c*ExclusiveBooks Kimberley,2023-07-19,476.76
b*HiFi Corp Sea Point,2023-11-14,238.18
Clicks Soweto,2023-10-20,125.58
b*Ackermans Sea Point 4490 4495 7180 5108,2023-10-30,428.91
Boxer Superstores Oudtshoorn 1467 8269 4006 3737,2023-05-14,310.18
c*Dis-Chem Oudtshoorn,2023-12-07,350.33
b*Incredible Connection Uitenhage,2023-06-09,312.95
Makro Bloemfontein,2023-12-05,116.76
b*MrPrice Knysna 1435 9307 5184 9870,2024-02-05,126.43
b*Makro Soweto 9626 6044 1922 6765,2023-05-16,27.79
c*Woolworths Sunninghill,2023-10-23,111.84
b*Woolworths Knysna 9470 8508 4705 9255,2023-09-11,286.84
c*Clicks Hermanus,2023-07-05,101.07
b*Makro Muizenberg,2024-03-18,133.52
b*Takealot East London 7886 4858 4337 6356,2023-05-29,289.32
c*Edgars Port Elizabeth,2023-12-25,352.82
b*ExclusiveBooks Stellenbosch,2023-05-18,226.28
Makro Stellenbosch 5142 5969 3396 3374,2024-02-04,277.46
Shoprite Rustenburg 1242 7178 4668 3127,2024-01-18,470.76
c*Truworths Grahamstown 9986 6098 4365 4696,2023-06-08,268.16
Spar Paarl 7544 2909 5656 3020,2023-08-12,141.24
b*Clicks Hermanus 2029 2065 2221 7020,2023-12-22,227.88
b*Woolworths Kalk Bay 7727 2826 7141 7082,2023-11-06,275.02
Dis-Chem Port Elizabeth,2023-10-08,322.4
b*Builders Warehouse Kimberley 5157 1285 9184 5259,2024-01-09,10.91
b*Jet Muizenberg,2024-04-10,347.93
Woolworths Kalk Bay,2023-09-28,383.33
Jet Soweto 7264 4682 3663 7677,2024-01-18,344.37
b*Clicks Nelspruit,2023-09-02,387.77
b*ExclusiveBooks Mafikeng 5628 5653 8216 9311,2023-07-05,276.89
b*MrPrice Paarl,2023-09-13,205.66
Dis-Chem Uitenhage,2023-09-10,296.96
c*BuildersWarehouse Grahamstown,2023-12-27,280.11
MrPrice Simon’s Town 8079 3185 4505 7448,2023-08-02,294.42
b*Checkers Claremont 4307 4801 1602 2272,2023-06-07,222.04
b*HiFi Corp George,2024-03-02,347.81
c*Builders Warehouse Stellenbosch,2023-07-13,221.54
c*PicknPay Nelspruit,2023-09-01,307.29
b*Clicks Uitenhage 7188 4758 8533 3296,2023-08-05,340.79
c*Spar Grahamstown,2023-10-24,110.98
b*Edgars Grahamstown 7230 8626 5769 1273,2024-02-21,365.18
c*Jet Hermanus 7795 2172 6745 9531,2024-03-13,390.09
b*Incredible Connection Muizenberg 9163 9538 7523 8298,2023-06-09,145.81
c*Game Hout Bay,2023-12-14,12.35
c*Boxer Superstores Claremont,2023-09-30,203.18
b*Mr Price Soweto,2023-09-07,477.64
b*Clicks Muizenberg,2023-12-17,299.1
b*MrPrice Sunninghill,2024-01-28,26.75
Woolworths Simon’s Town 3965 1297 4295 2784,2024-02-01,179.72
Checkers Mafikeng 6306 7857 2442 7535,2023-07-15,171.84
b*Ackermans George,2023-08-31,456.35
c*Boxer Superstores Stellenbosch,2023-11-10,25.56
c*Edgars Kalk Bay,2023-09-22,443.23
Takealot East London,2023-11-27,316.43
b*Checkers Pretoria,2023-07-07,453.74
c*Clicks Port Elizabeth,2024-01-29,19.66
b*Mr Price Kalk Bay,2024-02-04,285.67
b*Dis-Chem Simon’s Town 8787 1820 7092 8288,2023-08-25,419.52
c*IncredibleConnection Hermanus,2023-05-18,317.68
c*Takealot Cape Town 8105 6659 7440 5915,2023-09-01,72.17
b*Checkers Nelspruit,2023-08-10,437.65
b*Makro Hermanus,2024-02-18,163.23
c*Edgars Johannesburg,2023-09-24,33.6
b*Checkers Muizenberg,2023-07-03,348.17
IncredibleConnection Bloemfontein,2023-05-26,105.82
BoxerSuperstores Grahamstown,2023-10-08,191.79
Game Paarl,2023-05-04,72.84
Truworths Polokwane,2024-02-04,203.67
b*Edgars Muizenberg,2024-01-04,491.86
Spar Port Elizabeth 1810 5171 5272 1446,2024-03-11,462.8
c*Builders Warehouse Knysna 9323 8888 5138 8954,2023-09-10,298.62
Game Grahamstown,2023-09-07,375.28
Dis-Chem Pretoria 3180 7156 6098 6530,2024-02-08,380.1
Spar Franschhoek 4134 5665 5303 5275,2024-01-06,374.91
Game Kalk Bay,2023-12-03,11.76
c*Incredible Connection Stellenbosch 3227 6802 4796 6972,2023-09-17,90.31
c*ExclusiveBooks Franschhoek,2023-06-08,381.4
b*Makro Soweto 4910 1998 1440 3806,2023-04-26,426.67
c*Woolworths Port Elizabeth,2023-05-05,455.24
c*Pick n Pay Kimberley 7765 5647 6585 6954,2024-02-19,413.48
Dis-Chem Johannesburg 4440 2583 8716 6950,2023-05-22,341.88
b*Shoprite Muizenberg 1665 6997 1869 8053,2024-01-21,25.04
b*Truworths Durban,2023-09-13,411.16
b*HiFiCorp Bloemfontein,2024-02-16,450.13
c*HiFiCorp East London,2023-06-26,474.13
Jet Franschhoek,2024-01-13,218.15
b*ExclusiveBooks Claremont 1541 7393 2420 1881,2024-02-09,75.77
b*Jet George,2024-03-17,275.71
Spar Claremont 9033 2452 4441 9299,2023-11-24,273.05
b*Checkers Grahamstown 2411 8148 1958 6335,2023-09-10,271.97
Edgars Rustenburg,2024-02-08,291.07
b*Takealot Claremont,2023-11-07,311.34
Ackermans Franschhoek,2023-11-19,464.8
b*Makro Soweto,2024-02-03,321.1
c*Makro Oudtshoorn,2024-03-26,171.83
c*Spar Port Elizabeth 3484 5702 6703 9160,2023-05-02,53.7
Dis-Chem Oudtshoorn,2024-02-29,249.77
b*Incredible Connection Durban 2187 3977 9906 3962,2023-12-17,145.21
b*IncredibleConnection George 6842 8570 9183 4279,2023-08-28,188.08
Woolworths Port Elizabeth 1404 9518 9380 9990,2023-08-25,99.92
c*Woolworths East London,2023-05-27,380.56
b*BuildersWarehouse East London 8532 9178 6631 3360,2024-04-21,49.46
BuildersWarehouse Sunninghill 1887 8163 2583 9111,2023-10-20,193.14
b*HiFiCorp Claremont 7304 8455 8397 7309,2023-11-14,101.98
c*Edgars Kimberley 8299 7426 8576 2743,2023-05-08,426.21
b*Dis-Chem Bloemfontein 3093 1222 9281 9930,2023-11-17,64.49
b*Takealot Grahamstown,2024-01-13,345.67
b*ExclusiveBooks East London,2023-09-06,466.3
PicknPay Pietermaritzburg,2023-06-02,141.12
c*IncredibleConnection Sunninghill 9967 3375 8910 1364,2024-04-10,157.67
b*Incredible Connection Claremont,2024-04-12,16.82
c*Makro Sea Point 2986 6253 6438 5004,2023-07-12,228.43
b*Edgars Kalk Bay,2023-09-20,278.13
b*Truworths Sunninghill,2023-06-03,466.47
b*HiFi Corp Paarl,2024-02-07,123.12
Ackermans Johannesburg,2023-07-14,139.38
Takealot Pietermaritzburg,2023-09-14,340.85
Jet Johannesburg,2024-04-09,238.86
b*Makro Pietermaritzburg,2023-11-10,198.06
b*Woolworths Claremont,2023-11-16,202.49
Game Cape Town,2023-10-10,437.61
Dis-Chem Simon’s Town,2024-04-05,306.92
c*Checkers Hermanus,2024-01-01,467.91
c*Spar Claremont 1717 5844 8429 3337,2023-08-31,388.81
b*PicknPay Polokwane,2023-10-05,339.06
c*Boxer Superstores Polokwane 2814 5181 4347 8474,2024-01-13,408.48
c*BuildersWarehouse Cape Town,2024-02-28,22.21
c*Makro Pietermaritzburg 6350 7043 4765 2252,2023-06-05,283.23
c*Truworths Kalk Bay 1620 6946 3391 2650,2023-05-10,359.79
Dis-Chem Kalk Bay 8169 3582 9870 5854,2023-06-08,431.06
PicknPay Paarl 1419 9872 2796 3411,2023-05-08,206.58
Takealot Claremont,2023-06-09,29.92
c*Spar Durban 2317 9501 6552 9356,2024-04-15,206.64
c*HiFi Corp Grahamstown,2023-12-16,392.76
Game Pietermaritzburg,2023-06-02,236.69
c*Game Cape Town 7062 3123 2381 8420,2023-09-28,364.64
b*Takealot Kimberley 5275 3421 4345 3498,2023-11-06,55.35
b*BoxerSuperstores George,2024-04-08,261.18
c*MrPrice Durban,2023-05-26,112.45
b*IncredibleConnection Oudtshoorn 4877 5096 5497 4098,2024-04-09,143.02
Jet Rustenburg,2023-06-03,50.88
c*Spar Muizenberg,2023-08-19,422.24
c*Boxer Superstores East London 6446 6882 6780 1779,2023-05-23,327.99
BoxerSuperstores Sunninghill,2023-06-10,76.34
b*HiFiCorp Polokwane 5888 4254 9196 8533,2024-04-23,418.66
Truworths Oudtshoorn 4959 7691 5620 4631,2024-03-14,415.82
Truworths Stellenbosch,2023-09-23,395.28
b*Truworths Hout Bay,2023-05-01,25.2
c*Edgars Mafikeng 7057 1366 8735 7997,2023-11-27,14.43
b*Dis-Chem Uitenhage,2024-02-06,358.91
c*Shoprite Kimberley,2023-08-03,148.48
c*Spar Mafikeng,2023-12-31,40.27
b*PicknPay Sunninghill 3661 5805 7952 7553,2023-10-18,164.64
b*ExclusiveBooks Hout Bay,2023-11-07,169.83
PicknPay Sunninghill,2023-12-08,356.8
b*Edgars Port Elizabeth 3464 7139 2384 5101,2023-10-09,39.5
Game Hout Bay,2023-09-09,277.51
Exclusive Books Franschhoek,2023-09-13,208.88
c*Builders Warehouse Stellenbosch,2024-02-26,59.26
b*Game Pietermaritzburg 9353 6590 6012 3944,2024-01-26,282.96
Spar Hermanus 7270 1568 2886 6207,2024-04-05,396.64
b*Woolworths Pretoria 6454 4254 8322 2595,2023-07-14,169.88
c*Shoprite Bloemfontein 2560 1304 6162 7645,2024-04-10,146.61
c*Pick n Pay George,2024-04-14,278.23
b*Woolworths Stellenbosch,2023-08-28,313.25
b*Woolworths George 9931 8412 9227 5356,2023-12-28,428.2
IncredibleConnection Polokwane 1280 6622 6457 9529,2023-05-25,104.75
b*Spar Mafikeng 5458 4824 2765 9901,2023-11-25,100.68
Spar Franschhoek 6837 5085 9884 2126,2023-08-02,103.71
c*Makro Oudtshoorn 8642 4945 8774 6261,2024-04-14,280.55
c*Takealot George 5045 1834 1358 5344,2024-03-28,5.62
b*Mr Price Kalk Bay,2024-04-04,327.22
c*Checkers Bloemfontein 9655 2968 4301 2418,2023-05-08,107.22
c*Shoprite Port Elizabeth,2023-10-08,410.81
b*IncredibleConnection Hout Bay 2949 2167 4821 4092,2023-09-28,231.97
ExclusiveBooks Soweto,2023-07-23,83.28
Game Port Elizabeth,2023-09-08,350.75
c*Game Franschhoek,2023-06-09,359.03
b*BoxerSuperstores Simon’s Town,2023-10-29,107.43
Makro Claremont 4963 5133 1254 5690,2023-11-14,469.12
c*PicknPay Claremont,2023-08-11,229.77
Spar Cape Town 4904 3849 2637 6634,2023-09-25,338.01
c*Takealot Uitenhage,2023-09-26,435.28
c*Exclusive Books Port Elizabeth,2024-02-06,456.52
c*Dis-Chem Polokwane 4312 4796 6565 8488,2023-12-18,335.74
Builders Warehouse George 2913 5576 4975 5003,2023-09-01,447.8
Clicks Sea Point,2023-12-20,387.63
b*Mr Price Cape Town,2024-02-07,437.14
Game Oudtshoorn,2023-09-29,124.35
c*Shoprite George 8116 6773 9345 1618,2024-02-04,332.23
PicknPay Pretoria,2023-05-25,45.39
c*Edgars Cape Town 3902 8730 4308 9199,2023-12-12,395.73
Makro Hout Bay 5870 2405 8138 4509,2023-10-17,172.96
Mr Price East London,2023-07-09,298.19
c*PicknPay Sea Point,2024-03-31,475.48
c*BuildersWarehouse George,2023-07-28,452.18
HiFiCorp Johannesburg 3032 1698 4640 4985,2023-05-03,363.01
b*PicknPay Polokwane 2606 2259 5672 8626,2023-11-06,423.66
b*BoxerSuperstores Pretoria 4357 2230 8365 8393,2023-06-11,285.85
c*Shoprite Rustenburg,2023-09-04,5.36
b*IncredibleConnection Hermanus,2023-11-08,178.38
b*BoxerSuperstores Nelspruit,2023-06-19,186.61
b*Pick n Pay Nelspruit,2024-03-19,414.84
c*Takealot Oudtshoorn 2935 2012 7507 2202,2024-03-12,345.88
b*Ackermans Soweto 5577 2791 2680 6098,2024-03-22,217.78
c*Dis-Chem Mafikeng,2023-09-20,196.41
b*Dis-Chem Oudtshoorn 3287 2872 1962 8697,2024-03-17,353.03
Boxer Superstores Mafikeng 9879 6133 4564 5975,2024-04-14,157.01
Checkers Sunninghill 5285 4082 5587 1795,2024-02-03,433.62
b*Spar Rustenburg,2024-01-22,349.62
Ackermans Sea Point 3964 9923 1629 5866,2024-03-21,451.55
Game Uitenhage 3105 6747 1035 3743,2024-02-28,234.87
Dis-Chem Durban 9104 8439 5687 5894,2024-02-18,46.54
b*IncredibleConnection Durban 4792 7116 9024 1059,2023-07-16,82.5
HiFi Corp Kimberley 9039 6533 1657 1076,2024-03-10,489.89
c*Clicks Hermanus 9843 4028 1104 2442,2024-01-02,479.73
MrPrice Sea Point 2415 2204 9679 3452,2023-09-08,130.21
MrPrice Mafikeng,2023-07-19,224.54
c*BoxerSuperstores Hermanus,2023-07-20,351.98
Woolworths Knysna,2024-03-12,37.86
c*Jet George,2024-03-27,49.2
Builders Warehouse Johannesburg,2024-04-20,124.84
c*Checkers Hout Bay 5741 4257 4043 3326,2023-06-01,261.79
b*Checkers Simon’s Town 8101 2758 4035 8923,2023-10-05,454.5
c*HiFiCorp Durban 4423 3113 8591 8050,2023-06-01,33.4
Makro Port Elizabeth,2023-05-09,25.26
Woolworths Kimberley 4878 7701 6573 7806,2023-07-24,313.29
b*Builders Warehouse Muizenberg 7915 7174 3532 1979,2024-03-19,55.58
c*Woolworths Stellenbosch 5959 6731 6161 3443,2023-10-29,26.02
Makro Simon’s Town,2024-01-31,57.22
c*Spar Durban 4362 6886 7683 4190,2023-06-17,301.8
Woolworths Hout Bay,2024-03-12,448.76
Takealot Mafikeng,2023-12-22,199.52
b*Checkers Uitenhage,2023-10-25,83.55
Takealot Simon’s Town,2024-03-30,177.64
IncredibleConnection Paarl 4769 6719 2369 5481,2023-05-20,50.91
BoxerSuperstores Sunninghill,2023-09-02,305.89
Ackermans Soweto,2024-02-17,15.5
c*Jet Pretoria,2023-08-24,340.57
Incredible Connection Bloemfontein 6888 8127 4315 6870,2023-05-02,159.46
b*Ackermans Hermanus,2023-07-09,349.53
Jet Hermanus 5645 2618 3152 8858,2023-10-02,265.65
b*Woolworths Stellenbosch 7302 1854 8000 2758,2023-06-25,226.81
Spar Muizenberg,2024-03-21,5.08
c*Jet Pietermaritzburg,2023-10-20,393.8
c*Truworths Cape Town 3397 5458 2406 4322,2024-02-21,119.9
c*Woolworths Rustenburg,2024-02-23,329.4
c*Checkers Muizenberg,2023-11-22,415.53
Woolworths Rustenburg 4851 8206 9045 5539,2023-08-30,205.32
b*Takealot Port Elizabeth 9371 7739 2139 5640,2023-05-10,119.24
c*Clicks Kimberley 7715 2600 3161 8527,2024-03-11,440.06
b*PicknPay Grahamstown 2182 8909 8253 6540,2023-05-15,415.28
Clicks Rustenburg 9359 5591 2484 7172,2024-01-17,137.94
b*ExclusiveBooks Hermanus 3165 7556 2017 7448,2023-09-15,59.36
b*Edgars Soweto 8978 7520 9992 1723,2023-12-27,374.67
Edgars Kalk Bay,2024-04-15,369.13
c*Woolworths Kimberley 5991 1792 8375 2303,2024-03-23,206.45
c*Ackermans Nelspruit,2023-05-31,144.0
c*Truworths Port Elizabeth 5555 4996 6362 4478,2023-06-03,442.98
b*BoxerSuperstores Rustenburg 4524 8708 5188 1697,2023-05-02,477.69
Edgars Stellenbosch 9569 9211 6146 9530,2023-05-29,366.59
b*Game Johannesburg,2023-06-09,320.84
b*Makro Port Elizabeth 9498 4753 1514 2394,2023-08-18,320.77
c*Shoprite Knysna,2023-07-17,429.13
IncredibleConnection Port Elizabeth 2411 2581 4188 8630,2024-02-07,496.64
c*Truworths Durban,2023-06-11,317.56
Edgars Grahamstown,2024-03-18,397.3
c*ExclusiveBooks Durban,2023-07-31,123.79
c*Jet East London 1230 7411 8905 4640,2024-02-10,228.15
c*Builders Warehouse East London 5714 8685 4343 7881,2024-04-16,221.2
Pick n Pay Franschhoek 2697 8005 9659 5501,2023-05-23,65.51
c*Clicks Knysna,2023-11-09,15.01
b*ExclusiveBooks East London,2024-02-26,315.54
b*BuildersWarehouse George,2023-09-08,123.44
c*Clicks Kimberley 7101 2409 7569 3167,2024-03-03,84.81
c*ExclusiveBooks Cape Town,2023-09-09,43.27
b*Takealot Uitenhage 5628 1683 8452 6723,2023-11-26,339.82
b*Edgars George 6096 1011 7180 9553,2023-08-12,213.72
Clicks Paarl,2023-06-17,330.76
c*Shoprite Kalk Bay 9157 3444 5872 9343,2024-01-25,114.4
c*Edgars Knysna,2023-06-08,369.12
b*Woolworths Oudtshoorn,2024-03-20,326.82
b*Checkers Sea Point,2024-04-20,17.08
Makro George 4149 4456 8488 3011,2024-02-09,202.88
c*Checkers Kimberley,2023-11-27,299.53
c*Spar Pretoria,2024-03-07,355.43
b*Takealot Grahamstown 9339 8553 6444 9165,2024-01-10,431.25
Ackermans Johannesburg,2024-02-17,87.77
Ackermans Kimberley,2023-05-13,68.76
c*Jet Grahamstown,2024-03-16,157.42
b*Jet Port Elizabeth,2023-07-24,475.35
b*Builders Warehouse Hout Bay 2971 1263 2420 1760,2023-08-23,120.56
b*Dis-Chem Sea Point 1361 3701 3813 3087,2024-04-18,457.88
MrPrice Sunninghill,2023-07-02,156.15
c*Ackermans Polokwane,2023-12-11,15.4
b*Truworths Sea Point,2024-02-27,355.25
c*MrPrice Sea Point,2023-05-28,474.62
b*Dis-Chem Hermanus 7706 9170 8946 3628,2023-07-05,218.54
c*Shoprite Pietermaritzburg 4995 8010 8000 3976,2023-12-10,60.12
Truworths Grahamstown,2023-12-17,358.99
b*Boxer Superstores Bloemfontein,2023-11-23,206.97
b*Woolworths Johannesburg 1820 5546 2369 2445,2023-06-23,455.22
c*Makro Oudtshoorn 4063 6056 9746 3278,2023-09-07,472.62
b*Truworths Cape Town 4481 9578 4886 8537,2023-12-26,251.83
Shoprite Pietermaritzburg,2023-06-08,103.29
Dis-Chem Claremont,2024-02-13,35.34
Edgars Pietermaritzburg,2023-05-24,73.12
c*Checkers Durban,2024-01-09,127.17
b*Exclusive Books Kalk Bay 9440 6768 7028 2430,2023-07-28,251.56
Truworths Mafikeng 4838 1499 3667 5877,2023-07-13,25.29
b*Shoprite Muizenberg 2498 2442 9834 4785,2023-10-29,49.95
Checkers George 6478 9583 5826 2463,2024-01-07,195.9
Checkers Oudtshoorn,2023-04-26,221.27
c*MrPrice Mafikeng,2023-09-26,470.04
c*Clicks Mafikeng,2023-09-13,356.44
Exclusive Books Pietermaritzburg,2023-11-15,94.31
b*Game Claremont,2024-02-21,157.92
b*HiFiCorp Sunninghill 2077 6022 7221 1355,2024-02-05,129.34
c*Woolworths Bloemfontein 6514 3796 4080 8134,2023-09-30,230.66
Makro Polokwane 8885 3146 6233 2839,2023-11-12,143.12
c*Jet Cape Town,2024-03-26,384.04
b*Truworths Franschhoek 3207 1316 6000 6917,2023-05-03,315.88
Takealot Oudtshoorn 4741 3975 5989 3857,2023-11-26,82.14
c*Edgars Port Elizabeth 9168 5081 8986 7834,2023-06-28,134.69
c*Incredible Connection Polokwane 9664 5850 3978 7986,2024-03-02,196.73
c*Dis-Chem Kimberley 8622 6181 8331 8672,2023-06-17,154.43
HiFi Corp Bloemfontein 9559 9107 6631 8257,2023-08-01,207.05
Builders Warehouse Durban,2023-12-15,88.26
c*Spar Grahamstown 6773 9366 9612 4450,2023-09-28,184.6
c*Dis-Chem East London 2757 9308 1859 3515,2023-05-18,299.7
Checkers Cape Town,2023-08-20,177.36
c*MrPrice Johannesburg,2024-01-28,382.01
c*Ackermans Uitenhage 3449 9612 3369 1931,2023-09-11,106.5
b*Ackermans Cape Town,2023-08-05,475.98
MrPrice Pietermaritzburg 7038 9456 5248 7246,2023-09-22,342.06
Jet Kimberley,2024-04-12,370.49
c*PicknPay Stellenbosch,2024-04-09,35.76
Game Sunninghill 2257 9769 1065 3881,2023-07-20,320.77
c*Mr Price Pretoria 5041 3823 2367 4421,2023-10-28,16.61
c*Spar Mafikeng,2024-02-09,238.21
c*Jet Johannesburg,2023-12-13,440.7
b*Shoprite Sea Point 7862 6224 2337 6524,2023-10-19,125.28
b*Clicks Pietermaritzburg 9245 4971 5936 8297,2024-04-01,435.56
Woolworths Port Elizabeth 2212 5589 3719 7570,2023-04-30,69.19
c*Clicks Knysna 6250 7050 6228 2338,2023-08-04,41.66
b*PicknPay Bloemfontein 9326 7839 3650 6356,2023-12-27,468.78
b*Pick n Pay Polokwane 8290 5982 4591 7944,2024-01-02,178.48
PicknPay Pietermaritzburg 7460 5813 9105 7731,2024-03-29,320.32
Truworths Knysna 5290 5504 4264 9953,2023-09-17,141.56
Spar Nelspruit,2023-05-06,473.31
c*Exclusive Books Sunninghill,2023-12-05,288.28
Checkers George,2024-02-26,307.54
c*Edgars George 8422 1789 9342 9689,2023-05-13,119.12
Pick n Pay East London,2023-06-01,31.51
c*Woolworths George,2024-04-11,345.66
c*Checkers Rustenburg 9661 4563 8052 9847,2023-09-08,61.6
BoxerSuperstores Pretoria 6408 4461 1773 1898,2023-08-03,49.68
Makro Stellenbosch 9897 8847 8415 4705,2023-08-31,333.47
c*Clicks Paarl,2024-01-11,82.42
c*PicknPay East London 4405 6637 3737 7159,2023-11-07,192.53
c*Dis-Chem Grahamstown,2023-09-14,167.11
IncredibleConnection Mafikeng 2080 4103 8853 6100,2023-04-25,454.87
b*Spar Simon’s Town 6018 4395 4682 6875,2023-09-05,376.6
Clicks Nelspruit 9780 9055 8758 2931,2024-04-15,215.85
Dis-Chem Uitenhage,2023-06-28,128.12
c*Spar Port Elizabeth,2023-08-18,392.5
b*Builders Warehouse Pietermaritzburg,2023-09-13,121.58
b*Makro Muizenberg,2024-02-21,210.19
Mr Price George,2024-01-07,321.63
Shoprite Oudtshoorn,2024-03-08,397.75
b*Woolworths Cape Town,2023-07-12,126.36
c*Takealot Muizenberg,2023-06-25,125.25
c*Builders Warehouse Soweto,2023-06-17,148.77
c*Boxer Superstores Grahamstown 1086 8333 1499 2092,2024-03-21,300.7
b*Checkers Kalk Bay 9887 5599 5916 4460,2023-12-19,80.68
b*Pick n Pay Pretoria 3588 2394 4814 7504,2024-04-16,317.38
b*Checkers Kalk Bay,2023-12-12,295.4
HiFiCorp George 1615 3765 9692 6860,2023-08-10,267.86
b*Truworths Hermanus 1315 2964 4164 8402,2023-10-24,199.05
Mr Price Bloemfontein,2024-01-13,363.59
Ackermans Paarl,2023-12-19,114.05
Edgars Paarl 1858 8748 6843 5089,2023-04-28,343.38
Incredible Connection Johannesburg,2023-06-19,134.06
MrPrice Kimberley 7555 6743 8771 6480,2023-07-17,54.21
Woolworths Kimberley,2023-11-06,81.08
b*Clicks Cape Town 1512 1547 5171 9019,2023-10-23,420.76
b*Spar Grahamstown 1988 4710 2981 6445,2024-01-02,246.96
Ackermans Bloemfontein 7425 7778 9070 3691,2024-01-16,291.41
Builders Warehouse Bloemfontein,2023-12-19,418.38
c*Shoprite Pretoria,2024-02-16,265.3
Builders Warehouse Hermanus 5677 7367 3841 5166,2023-05-14,243.16
b*Ackermans Franschhoek,2023-10-12,401.15
Incredible Connection Sea Point 2546 6458 3538 4223,2023-04-25,349.44
b*Woolworths Port Elizabeth 8110 6244 2744 2897,2024-01-07,146.2
MrPrice Pretoria 7074 8945 9368 3802,2023-10-28,237.87
PicknPay Simon’s Town 5535 6470 6158 4499,2023-09-23,280.46
c*Edgars Soweto,2024-01-18,52.11
HiFi Corp Grahamstown 5183 6918 7448 3804,2023-10-29,337.46
b*HiFi Corp Durban,2023-11-24,157.65
b*IncredibleConnection Uitenhage 6385 1544 4738 2992,2023-11-08,144.93
b*Truworths Kimberley 9874 2717 8740 6474,2023-06-23,383.37
b*Incredible Connection Rustenburg 9354 9908 7019 7922,2023-10-30,56.62
b*ExclusiveBooks Kalk Bay,2023-05-09,402.43
c*Shoprite East London 6503 5136 2205 1422,2023-08-03,144.3
b*Exclusive Books Kalk Bay,2023-08-05,203.29
c*IncredibleConnection Franschhoek 8992 5755 2108 6087,2023-08-30,496.17
c*Pick n Pay Bloemfontein 5533 9691 9392 4411,2023-10-22,266.65
b*Edgars Soweto 4643 4983 1750 1988,2023-11-05,54.34
b*Dis-Chem East London,2024-01-16,418.37
b*Exclusive Books Kalk Bay 3919 9320 1230 2439,2024-02-13,119.02
b*Game Kalk Bay 3580 7562 3806 2976,2024-03-08,213.8
b*Game Johannesburg 8340 9607 4252 8189,2024-04-17,461.85
Checkers Hout Bay,2024-04-22,404.07
b*Takealot Port Elizabeth 3998 2167 1979 4304,2023-12-01,144.66
b*Exclusive Books Paarl,2023-07-25,120.07
c*Game Polokwane 2725 9607 9091 7477,2023-05-10,354.27
Edgars Durban 8693 6285 6131 1961,2024-03-24,243.18
b*Incredible Connection Hout Bay 7084 5971 3633 4550,2023-07-10,103.12
Dis-Chem Uitenhage 6467 7289 1607 8785,2024-04-01,294.5
Builders Warehouse Oudtshoorn,2023-09-20,399.69
Woolworths Hout Bay 1911 5330 8803 7401,2024-04-01,112.83
b*Dis-Chem Polokwane 1020 5787 4434 6659,2023-12-28,88.73
Jet Johannesburg,2024-03-20,453.13
Makro George 1949 6921 5254 8957,2023-09-25,77.75
Truworths Pretoria 9033 4261 6011 7971,2024-01-07,68.91
b*Dis-Chem Rustenburg 7664 1222 3461 5470,2023-07-14,293.94
Incredible Connection Nelspruit 8184 3512 7917 5245,2023-06-08,183.41
IncredibleConnection Franschhoek,2023-11-22,71.11
Woolworths Simon’s Town,2023-05-02,50.61
c*Edgars George,2023-12-22,160.73
b*Spar Claremont,2023-10-23,216.35
b*HiFiCorp Hermanus 2091 1970 1013 9996,2023-10-31,291.5
Makro Pietermaritzburg 3657 5891 8754 5413,2024-04-01,422.51
MrPrice Polokwane 1965 5491 3651 7672,2024-01-02,413.44
Pick n Pay Pietermaritzburg,2023-07-31,476.5
b*Shoprite Knysna,2023-10-12,486.91
c*Dis-Chem Kimberley 3836 5708 2378 9313,2023-07-23,360.82
Edgars Kimberley,2023-06-26,53.11
b*Jet George 9705 2310 9375 1056,2024-02-26,111.8
b*Takealot Knysna,2023-06-17,40.89
b*Incredible Connection East London 9093 7225 7282 7495,2023-07-26,69.35
Takealot Polokwane 4893 8424 9158 3976,2023-11-27,478.62
b*Truworths Pietermaritzburg 4318 3310 9648 6569,2023-12-05,166.6
BoxerSuperstores Simon’s Town,2023-11-15,158.71
c*Truworths Uitenhage 2415 9735 1189 9792,2024-01-04,316.59
c*Shoprite Sea Point,2023-06-26,89.73
b*Builders Warehouse Simon’s Town,2023-11-24,351.82
Takealot Port Elizabeth 1726 4394 4802 5979,2023-06-29,478.23
c*Woolworths Cape Town 1723 1632 2943 7319,2023-04-24,53.82
Pick n Pay Nelspruit 3044 2178 7046 9125,2023-11-17,150.23
b*Game Pretoria 1963 4871 4818 5236,2023-04-30,241.2
b*Truworths Uitenhage,2023-06-22,163.59
c*HiFi Corp Nelspruit,2024-03-05,172.89
c*Pick n Pay Soweto,2023-12-16,59.67
c*Edgars George 8359 4165 6577 8371,2024-03-02,45.2
b*Shoprite George 2545 2677 1547 5217,2024-01-07,173.05
Checkers Polokwane 2747 8028 6531 6161,2023-07-02,497.0
c*Clicks Cape Town,2024-03-18,124.22
b*Incredible Connection Stellenbosch 9784 3660 8488 6975,2023-12-10,123.54
b*Builders Warehouse Kimberley,2023-05-08,78.13
c*Truworths Mafikeng 8012 9587 5328 1262,2023-09-08,61.14
b*Truworths Knysna,2023-05-13,462.95
Ackermans Sea Point,2023-07-03,211.37
c*Ackermans Oudtshoorn 6295 9928 6465 2512,2024-01-12,367.26
b*HiFiCorp Bloemfontein,2024-04-06,211.15
Checkers Sunninghill 3376 7814 3314 7539,2023-05-05,224.76
c*Game Franschhoek,2024-02-23,159.08
c*Game Bloemfontein 3130 8071 1768 6932,2023-12-30,259.26
Ackermans Muizenberg,2024-03-01,175.19
b*Boxer Superstores Rustenburg 1938 3554 2246 8100,2023-07-27,136.19
b*Ackermans East London,2023-09-16,174.02
Shoprite Kalk Bay,2024-02-11,430.08
c*Woolworths Franschhoek,2024-03-06,75.41
b*Mr Price Stellenbosch 7004 9306 8247 4809,2023-11-26,165.0
c*PicknPay Hermanus 1114 4013 5125 6234,2023-12-09,270.22
b*Game Bloemfontein 9960 1258 4433 9526,2023-08-06,421.29
b*PicknPay Paarl,2023-08-29,323.19
Spar Paarl,2023-05-30,113.65
Takealot Polokwane,2024-02-15,296.76
b*IncredibleConnection Oudtshoorn,2023-08-25,73.7
b*Incredible Connection Franschhoek 6470 1656 3168 5483,2023-04-24,458.64
b*IncredibleConnection Paarl 5991 4203 7904 4701,2023-10-28,387.96
b*Shoprite Grahamstown 5187 5847 7110 8777,2024-02-22,343.47
Dis-Chem Pietermaritzburg,2023-06-20,479.3
Ackermans Claremont,2023-06-10,266.84
Mr Price Grahamstown 1294 1799 5273 8699,2024-03-02,241.19
b*Shoprite Franschhoek,2024-01-26,267.59
c*Spar Claremont 7464 7037 8752 9389,2023-09-14,407.26
c*Ackermans Pretoria,2023-12-09,266.56
Takealot George,2024-03-06,433.31
b*Dis-Chem Pretoria 8458 9804 4358 9327,2024-04-23,119.74
b*ExclusiveBooks Nelspruit,2024-03-14,196.42
c*Builders Warehouse Stellenbosch 3415 2014 8412 4760,2024-03-21,204.21
b*Game Soweto,2023-09-06,283.9
c*Incredible Connection Pietermaritzburg,2023-08-21,272.66
c*Checkers Uitenhage 8492 4383 5942 8450,2023-05-09,84.99
Jet Oudtshoorn,2023-06-07,492.44
c*Game Johannesburg 2875 8201 5291 9196,2024-03-08,154.98
Edgars Knysna 9971 4334 1140 9463,2023-09-11,254.51
Spar Sea Point 9890 3887 2767 5878,2023-08-03,428.38
Shoprite Claremont 9671 4804 2099 4205,2023-06-22,7.34
c*Takealot Claremont 5098 1276 4422 3557,2023-12-23,148.69
c*Mr Price Sea Point 3790 9951 6154 4455,2023-09-28,74.04
Game Port Elizabeth,2023-12-17,432.78
b*Makro Franschhoek,2024-03-28,275.15
c*Truworths Grahamstown 2047 7892 2737 2231,2024-04-15,471.54
c*Clicks Durban,2023-10-24,296.78
b*Incredible Connection Bloemfontein 4813 1367 2208 8541,2024-03-23,6.91
Exclusive Books Sunninghill 9529 3928 7017 8114,2023-12-06,393.18
c*Takealot Polokwane 5079 6116 3967 6226,2024-03-16,254.87
b*Exclusive Books Knysna 9501 9821 4798 1297,2024-01-18,152.25
Shoprite Uitenhage,2023-04-25,82.87
Checkers Mafikeng,2023-10-23,76.35
c*Ackermans George,2023-12-11,159.49
c*BoxerSuperstores Mafikeng 8362 4776 9221 7035,2023-11-21,60.36
c*Clicks Port Elizabeth 3457 2170 9342 9668,2023-06-13,215.74
c*Truworths Sunninghill 1577 8441 3931 7554,2023-09-16,488.14
b*Truworths Bloemfontein,2024-04-18,450.72
b*Spar East London 3749 1711 7176 5681,2023-11-28,194.67
Jet East London,2023-11-23,432.1
Edgars Simon’s Town 6446 7727 4931 4748,2023-07-26,385.86
b*Makro Rustenburg,2024-04-23,342.6
HiFiCorp Sunninghill,2023-09-28,490.63
Dis-Chem Polokwane,2023-08-22,301.87
Spar Mafikeng,2024-01-19,48.89
c*Jet Nelspruit 6256 2088 8652 8552,2024-04-08,396.48
b*Takealot Sunninghill 8849 1359 9013 5996,2023-10-28,344.84
Ackermans Durban 6407 8244 8908 2889,2023-10-05,78.96
c*Mr Price Uitenhage,2023-07-26,391.34
b*MrPrice Mafikeng 1284 1757 1559 9348,2023-07-30,326.14
Boxer Superstores Hout Bay 9781 7002 7677 2397,2023-09-13,323.03
Dis-Chem Knysna,2023-07-21,412.41
b*Boxer Superstores Sunninghill 1672 8181 3600 9304,2023-06-22,168.01
ExclusiveBooks Muizenberg,2024-03-28,66.16
Takealot Oudtshoorn,2024-01-02,91.26
b*HiFiCorp Muizenberg 6663 6696 5685 9267,2024-04-11,300.91
b*Spar Durban 1587 6720 6223 9937,2024-03-17,5.74
b*Checkers Grahamstown 3423 8891 8714 9430,2023-10-21,185.53
b*Takealot Polokwane 1260 4097 7319 5360,2023-12-13,434.86
c*Shoprite Port Elizabeth,2023-11-29,385.49
b*PicknPay Uitenhage 3520 8701 2361 5532,2023-07-01,474.79
c*Shoprite Franschhoek 8001 2508 6114 5618,2024-01-15,243.97
Mr Price Durban 7540 4425 8975 6691,2024-02-03,103.32
c*Boxer Superstores Cape Town 8453 8236 9742 7333,2023-06-02,442.34
b*BoxerSuperstores Muizenberg 8296 4472 8451 8370,2023-12-09,154.12
c*Checkers Simon’s Town,2023-12-25,64.54
b*HiFi Corp Hout Bay,2023-07-26,203.5
b*Shoprite Sunninghill 6353 1987 8326 8806,2023-07-25,405.41
Clicks Grahamstown 4231 5716 9865 6856,2024-03-26,297.1
IncredibleConnection Knysna,2024-04-15,100.9
b*Edgars George,2023-05-27,339.0
b*Clicks Cape Town,2024-03-28,141.11
c*PicknPay East London 7931 2117 7581 8800,2024-01-12,175.35
c*Checkers Hout Bay 4807 5803 4750 3224,2023-09-11,93.88
b*ExclusiveBooks Sea Point 1811 7260 4191 1728,2023-08-07,91.81
Takealot Bloemfontein,2023-07-20,20.75
b*Spar Stellenbosch 6155 1969 9644 1696,2023-08-10,161.66
MrPrice East London,2023-07-08,60.24
c*Shoprite Stellenbosch 8564 1862 8999 6170,2023-11-15,277.54
Truworths Claremont,2024-02-02,268.86
c*Exclusive Books Durban 6695 8645 6932 5794,2024-03-04,422.74
Makro Oudtshoorn,2023-06-29,225.05
c*Dis-Chem Soweto,2023-05-15,402.78
Dis-Chem Claremont,2023-11-06,29.15
b*Checkers Sunninghill 9515 3009 4607 2400,2023-07-21,195.33
b*BuildersWarehouse Nelspruit,2023-10-06,452.54
b*Clicks Johannesburg,2023-07-16,345.45
b*HiFiCorp Uitenhage 2830 1244 7354 1651,2023-06-16,299.44
BoxerSuperstores Kalk Bay,2023-11-06,68.33
c*Ackermans Johannesburg,2023-09-02,48.66
b*Pick n Pay Durban,2023-10-29,119.65
c*Jet Nelspruit 8138 1571 8731 3287,2024-01-29,23.83
Builders Warehouse Pretoria 2258 6662 1165 1145,2024-03-25,27.92
b*Spar Mafikeng,2023-07-26,353.49
c*Mr Price Claremont 3613 5448 1190 8655,2024-02-08,139.09
Builders Warehouse Bloemfontein,2023-11-16,84.29
c*Incredible Connection Pietermaritzburg,2023-07-23,491.47
c*Shoprite Mafikeng,2023-07-24,497.19
b*Builders Warehouse Soweto 4726 8976 1400 2685,2023-12-31,125.67
Clicks Cape Town,2023-05-27,329.96
b*Spar Uitenhage 1341 3254 6290 9201,2023-07-19,447.2
b*Game Kalk Bay 5975 1387 4190 6776,2024-02-11,303.38
c*Mr Price Hermanus,2023-12-14,25.42
c*Jet East London 5811 5421 1406 1899,2023-05-05,63.2
c*Shoprite Simon’s Town,2023-04-26,107.84
c*IncredibleConnection Kalk Bay,2024-02-08,353.97
b*Takealot Sunninghill 1158 5543 6872 4187,2023-05-24,223.42
c*BoxerSuperstores Bloemfontein 7588 5122 5661 2940,2023-10-01,137.15
b*Checkers Durban 8430 4631 3918 3716,2023-05-07,283.09
Incredible Connection Mafikeng,2024-03-10,175.16
c*Clicks Durban,2023-05-15,154.38
c*Woolworths Polokwane 4071 6569 8813 3808,2023-07-19,482.24
c*HiFi Corp Knysna 3434 1166 8744 4059,2023-10-06,370.08
Takealot Hermanus,2024-01-06,68.92
b*Spar Cape Town,2023-06-03,73.95
b*Shoprite Sunninghill 9401 1112 6320 9671,2023-06-05,427.38
BuildersWarehouse Franschhoek,2024-03-06,302.93
b*Dis-Chem Stellenbosch,2024-04-16,6.69
Shoprite Durban,2024-01-06,143.92
c*Mr Price George 4829 4451 3329 5454,2023-10-20,398.64
b*BuildersWarehouse Oudtshoorn 2890 4227 9115 7249,2023-09-18,459.86
c*HiFiCorp Bloemfontein,2023-05-08,434.74
b*Checkers Muizenberg 9301 2222 3809 2529,2023-08-30,353.2
Dis-Chem Hout Bay,2023-11-01,454.19
b*Exclusive Books Polokwane 6411 6604 9886 7389,2023-09-27,57.06
b*Checkers Port Elizabeth 6788 3513 7211 1781,2024-01-02,366.93
c*Takealot Muizenberg,2023-12-20,383.62
Jet Pretoria 2132 2643 3192 9167,2024-02-28,70.27
c*Makro Knysna 7307 2299 7913 1007,2023-04-30,120.24
b*BuildersWarehouse Pretoria 1695 9488 7272 9930,2023-08-31,454.66
b*Spar Uitenhage 1399 2064 8343 3351,2023-12-30,99.55
b*Takealot Sea Point,2023-08-26,136.64
Clicks Johannesburg,2024-04-21,498.58
b*Edgars Port Elizabeth,2023-04-24,433.67
Makro East London 9179 3367 2937 4546,2024-02-26,107.36
c*BuildersWarehouse George,2023-09-18,58.74
c*Clicks Hermanus,2023-11-16,274.29
b*Shoprite Polokwane 3680 5948 9417 6629,2023-12-30,6.63
c*Spar Uitenhage,2023-05-16,337.18
b*Takealot East London 7945 7752 7764 4439,2023-05-18,19.55
b*Mr Price Johannesburg,2023-06-03,314.92
c*Makro Pietermaritzburg 7082 9456 6642 6949,2023-11-22,423.7
b*Shoprite Pietermaritzburg,2023-06-21,442.24
Dis-Chem Nelspruit,2023-05-12,288.82
c*Truworths Pietermaritzburg,2024-04-13,286.91
c*Truworths Claremont,2023-11-30,102.74
b*Clicks Muizenberg,2024-01-19,233.43
Woolworths Durban,2024-03-20,47.57
b*Mr Price Sunninghill 7403 5707 9892 9202,2023-06-29,340.27
HiFiCorp Kimberley,2023-07-28,335.06
Woolworths Soweto 2481 4828 5078 4850,2024-04-11,356.4
Clicks Claremont 6854 9496 5399 3491,2024-04-20,43.72
Jet Franschhoek 8381 2703 3908 6666,2023-10-23,332.56
c*Makro Knysna,2023-09-24,113.93
b*Edgars Muizenberg 5047 3686 5642 5864,2023-07-29,191.9
b*BoxerSuperstores Paarl,2024-02-14,377.66
Edgars Uitenhage,2024-03-14,399.22
c*Edgars Kimberley 6476 4849 7070 8313,2023-08-13,197.02
b*Jet Port Elizabeth,2023-11-05,486.53
ExclusiveBooks Claremont 5842 9492 8840 4712,2023-08-19,497.59
c*Ackermans Soweto 6738 2080 8749 9658,2023-05-31,229.46
c*Shoprite Kalk Bay 7740 4469 4706 9297,2023-08-04,143.7
b*Jet Sea Point,2023-08-30,167.04
c*Spar George 7243 5209 4389 3936,2023-10-10,60.99
PicknPay Hout Bay,2023-08-09,452.72
Ackermans Rustenburg,2023-10-16,499.1
Clicks Claremont,2023-09-06,196.0
c*Game Polokwane,2023-09-11,79.23
Woolworths Kimberley 9011 6386 4566 2792,2023-07-29,141.31
b*Ackermans Polokwane 1035 5663 9774 7569,2024-01-08,478.33
b*Boxer Superstores Knysna,2023-05-28,470.5
b*HiFi Corp Hout Bay,2024-02-09,296.18
Woolworths Uitenhage 7081 3375 9666 8787,2024-04-18,318.89
c*MrPrice Uitenhage,2023-06-23,87.83
Shoprite Mafikeng,2023-12-31,91.19
Takealot Muizenberg 6985 4840 9268 3031,2024-04-04,430.76
Woolworths Kimberley 6853 6141 1536 3521,2023-07-05,372.48
b*Ackermans Cape Town 4618 5563 8840 5219,2024-03-05,441.85
c*Makro Kimberley 1875 8302 8546 4687,2023-06-02,281.39
c*Game Sea Point 5021 6825 1673 9721,2023-09-04,34.88
c*BoxerSuperstores Polokwane 8620 7868 3423 3720,2023-11-04,401.81
c*Jet Sunninghill 3532 8523 4339 3789,2023-06-02,148.44
Shoprite Cape Town,2023-10-25,98.32
b*Makro Oudtshoorn 6307 4788 5552 6552,2023-06-15,360.78
b*Pick n Pay Claremont 2645 6488 4486 4578,2023-06-02,361.39
Checkers Franschhoek 6924 5429 5040 3041,2024-04-05,498.54
c*Game Muizenberg,2023-09-15,368.61
Woolworths Port Elizabeth 2238 9436 8172 7274,2023-09-15,351.2
Clicks Muizenberg 4974 4007 7733 8616,2023-09-06,310.38
b*Makro Kalk Bay,2024-02-08,314.46
b*ExclusiveBooks Sunninghill 7640 4115 4141 2235,2023-06-29,127.74
c*Checkers Pietermaritzburg 7215 4848 3915 6719,2023-07-29,318.64
c*Ackermans Johannesburg 3088 7944 4020 8542,2023-11-26,208.15
b*Mr Price Hout Bay,2024-01-04,134.61
b*BoxerSuperstores Port Elizabeth,2024-01-29,195.74
Clicks Stellenbosch 4529 9868 5374 6618,2024-04-20,110.21
b*Game Bloemfontein 9783 8381 3756 9497,2023-09-23,19.24
Dis-Chem Simon’s Town,2023-07-22,76.76
Woolworths Pretoria 9359 2812 9993 4363,2023-10-27,436.26
b*Spar Rustenburg 4485 1724 3841 6579,2023-10-16,206.01
Exclusive Books Grahamstown 9545 4232 4165 9177,2023-10-06,303.32
c*Boxer Superstores Rustenburg,2024-02-22,467.21
b*HiFiCorp Johannesburg 5739 7913 8631 6015,2023-08-05,93.82
c*Incredible Connection Mafikeng,2024-04-04,377.94
c*Clicks Simon’s Town,2023-07-25,288.33
c*Shoprite Bloemfontein 6823 5753 3028 8715,2024-03-28,284.89
b*Jet Sunninghill,2023-07-10,451.37
b*Takealot Claremont,2024-01-18,429.63
c*Edgars Polokwane 7401 7972 7532 7252,2023-06-01,39.49
b*Clicks Franschhoek 7180 1129 3376 4414,2023-05-19,432.64
c*Truworths Pietermaritzburg 6770 5727 2376 7298,2024-02-28,64.39
Jet Knysna 2147 7762 5090 5345,2023-11-30,235.65
b*Clicks Grahamstown 3723 8505 9246 5073,2024-03-04,390.94
b*BuildersWarehouse Pietermaritzburg,2023-10-06,340.85
c*Mr Price Soweto,2023-11-28,426.51
b*Edgars Oudtshoorn 7770 5450 1739 9700,2023-07-26,442.41
Spar Pietermaritzburg 5070 2644 4658 2284,2023-08-25,464.99
c*Dis-Chem Polokwane 9683 2058 5764 8728,2023-08-16,97.63
c*HiFi Corp Pietermaritzburg,2023-11-05,342.42
c*Builders Warehouse Cape Town 2986 8891 2709 1256,2023-11-21,186.03
c*Takealot Mafikeng,2023-06-18,486.9
HiFi Corp Grahamstown,2023-12-19,100.23
c*Edgars Nelspruit,2023-11-10,25.11
b*Takealot George,2024-01-14,223.05
Spar Johannesburg 7952 4957 2282 1920,2023-11-14,149.79
c*Shoprite Muizenberg 9242 7460 5397 4932,2024-01-18,5.32
b*Clicks Johannesburg 7099 6993 9403 8072,2024-02-25,387.08
c*Pick n Pay Stellenbosch,2023-05-15,112.87
c*Game Johannesburg 6219 8227 2176 2945,2023-07-11,309.42
b*Edgars Oudtshoorn,2023-09-03,425.04
MrPrice Hout Bay,2023-10-11,101.72
b*Game Sunninghill,2023-11-04,262.94
b*HiFiCorp Kalk Bay 4436 5354 2252 1023,2023-06-03,286.4
b*Game Kalk Bay 8181 5931 6749 8215,2024-01-24,79.58
Dis-Chem Durban,2023-11-26,74.64
Truworths Kalk Bay,2024-04-04,410.51
HiFi Corp Pretoria 3873 5071 6040 7743,2023-12-12,308.9
b*Woolworths Oudtshoorn,2023-06-09,41.1
b*Jet East London,2023-08-04,463.55
c*HiFi Corp Franschhoek 3073 2783 7241 5636,2023-07-01,323.68
c*Dis-Chem Rustenburg 6471 8043 8807 2156,2023-08-10,375.34
c*HiFiCorp East London,2023-07-14,324.08
c*Makro Nelspruit,2024-03-19,379.68
HiFiCorp Franschhoek 1455 3325 7170 3406,2023-08-07,149.69
HiFiCorp Rustenburg,2023-11-10,353.73
b*Edgars Mafikeng 6630 9965 1879 5684,2023-12-30,257.06
b*BoxerSuperstores Nelspruit 6319 3659 2235 4216,2023-05-08,197.38
Edgars East London,2023-08-14,69.94
b*MrPrice Pietermaritzburg 9177 1005 8111 4432,2023-09-01,27.29
c*Ackermans Uitenhage,2023-09-07,238.4
Boxer Superstores Polokwane,2024-02-15,121.3
c*Shoprite Polokwane,2023-05-30,84.87
Mr Price Stellenbosch 3017 8663 9282 8825,2024-03-06,395.22
c*Boxer Superstores Uitenhage,2023-05-22,239.77
b*Makro Johannesburg 2934 2235 8658 6346,2024-02-08,32.54
Makro Rustenburg,2024-02-26,211.53
c*Jet Bloemfontein,2024-03-10,391.7
Jet Sea Point,2023-07-22,274.81
c*Game Durban,2023-09-19,476.64
c*Dis-Chem Bloemfontein 8918 5984 8716 8059,2023-06-21,482.63
Clicks Oudtshoorn,2024-01-12,113.01
c*Shoprite Oudtshoorn 2464 7697 4531 8196,2024-02-24,454.72
c*Clicks Kalk Bay 1101 8439 9033 3989,2023-12-02,373.06
b*Woolworths Pietermaritzburg,2024-01-18,250.61
c*Ackermans Franschhoek 6629 7680 3790 2174,2023-08-08,152.95
c*Edgars Johannesburg,2023-09-06,335.48
b*Dis-Chem Durban 3602 1020 5508 5254,2024-03-28,113.31
b*Spar Johannesburg,2023-07-17,257.35
Clicks Knysna 6497 1578 9011 1584,2023-09-07,142.31
Incredible Connection Kimberley,2024-01-19,175.98
MrPrice Uitenhage 8880 6166 8336 8523,2024-03-28,214.99
b*IncredibleConnection George,2023-09-24,359.21
b*Exclusive Books Mafikeng,2024-02-02,277.49
Woolworths Port Elizabeth,2023-09-28,316.74
c*Shoprite Nelspruit 2345 6823 3549 2014,2024-02-13,382.38
b*Edgars Mafikeng 8096 9346 5858 7224,2024-04-19,466.79
b*Makro Nelspruit 1800 1352 2266 5494,2024-04-12,282.4
b*Pick n Pay Hermanus,2024-03-02,105.99
c*Takealot Simon’s Town 9691 2166 7706 6869,2023-11-30,391.11
b*HiFi Corp Sunninghill,2023-10-18,200.97
b*Incredible Connection Bloemfontein,2024-02-06,451.16
Shoprite Paarl,2023-09-05,483.44
BuildersWarehouse Paarl 8595 3421 2999 2239,2023-11-03,114.34
Game Paarl 7386 5015 2328 8528,2023-11-24,146.08
IncredibleConnection Knysna 9830 5071 4013 8208,2024-03-27,387.19
c*ExclusiveBooks George,2023-10-03,136.21
c*Edgars Sea Point 1918 9540 6707 8763,2024-03-08,495.16
Incredible Connection Simon’s Town,2023-11-26,226.6
HiFi Corp Durban 2005 2957 4311 4449,2023-06-16,495.42
b*Spar Mafikeng,2024-02-10,203.43
c*Jet Rustenburg,2023-08-21,267.4
Woolworths Kalk Bay,2023-07-10,26.78
b*Exclusive Books Kalk Bay,2023-07-28,121.88
Edgars East London,2023-07-23,204.16
b*IncredibleConnection Port Elizabeth,2024-02-28,382.19
b*Jet Soweto 5891 9550 8298 9218,2023-08-04,288.83
c*Checkers Cape Town 5817 8153 9843 9797,2023-07-16,199.05
BoxerSuperstores Nelspruit,2024-02-25,39.56
b*Dis-Chem Paarl,2024-03-23,60.04
c*Spar Stellenbosch,2024-04-21,436.01
c*Edgars Uitenhage,2023-08-06,167.13
Pick n Pay Kalk Bay,2023-10-18,367.87
Checkers Stellenbosch,2023-05-17,31.5
Ackermans Grahamstown 5708 9489 2989 2331,2023-09-18,29.82
c*Woolworths Pretoria,2023-07-12,383.68
b*Boxer Superstores Kalk Bay 1807 1825 8978 6393,2024-02-12,92.16
Edgars Hout Bay 6763 3140 9352 3369,2023-10-27,86.59
Woolworths Sunninghill,2023-11-28,440.11
Builders Warehouse Franschhoek 9068 2498 2887 6151,2023-12-07,63.68
c*Boxer Superstores Paarl 8341 9050 5442 6293,2024-02-20,324.54
Clicks East London 7285 8577 8401 3098,2023-06-27,231.68
c*HiFi Corp Sunninghill,2023-08-30,33.13
c*Dis-Chem Hout Bay,2023-08-01,89.78
Makro Knysna,2024-02-11,401.59
b*Takealot East London,2023-07-26,228.55
b*Pick n Pay Muizenberg,2023-10-18,469.51
b*Makro Kalk Bay,2024-03-31,351.68
c*Boxer Superstores Rustenburg,2023-08-23,30.69
b*Spar Hermanus 3967 6544 6748 7527,2023-08-31,98.69
b*Dis-Chem Kimberley 3285 4870 3350 4930,2024-01-17,344.48
b*MrPrice Paarl,2024-02-24,482.42
b*BoxerSuperstores Sea Point 3416 6926 7603 3916,2024-04-18,125.06
BoxerSuperstores Franschhoek,2023-12-30,89.64
c*Makro George,2023-06-10,309.32
b*Mr Price East London,2024-01-07,342.56
Jet Pietermaritzburg,2023-11-29,463.48
b*BoxerSuperstores Pietermaritzburg 6710 9001 4967 6703,2023-10-14,428.7
c*Woolworths Oudtshoorn,2023-11-02,234.86
c*Truworths Bloemfontein 1949 2131 8342 6552,2024-04-19,95.89
c*Dis-Chem Kalk Bay,2023-07-03,224.2
Mr Price Pretoria,2024-02-09,241.51
Incredible Connection Polokwane,2023-08-06,218.48
c*Exclusive Books Hermanus,2023-12-08,485.85
b*Game East London 5780 8510 3812 2484,2023-11-26,78.31
c*Pick n Pay Hermanus,2023-09-10,88.06
b*Incredible Connection Franschhoek 3595 8544 4565 3323,2024-01-24,285.04
b*Dis-Chem Sea Point 5616 9338 8481 9719,2023-09-02,414.06
b*Ackermans Pietermaritzburg 4003 6097 5787 3531,2023-12-21,246.65
c*Game Hout Bay,2024-03-16,370.22
b*ExclusiveBooks Mafikeng 8194 8598 9096 7128,2023-07-11,67.92
c*Spar Rustenburg 3400 2480 6677 3515,2023-11-30,176.11
b*IncredibleConnection Sea Point 7889 7049 6934 2946,2023-08-23,419.67
c*HiFi Corp Hermanus 8949 4768 4586 8104,2023-11-09,380.87
b*IncredibleConnection Port Elizabeth 6737 2845 8350 4190,2023-06-24,468.88
c*Edgars Mafikeng 1301 3311 5852 6848,2023-10-22,233.0
Ackermans Hermanus 3772 7806 3102 4872,2023-08-06,39.29
c*Builders Warehouse Hout Bay,2023-06-21,180.41
c*Makro Pretoria,2023-09-12,414.7
c*Shoprite Simon’s Town 6915 1840 3754 5497,2023-07-25,260.36
b*Spar Bloemfontein 5554 5551 2443 5981,2024-02-12,205.84
c*Takealot Uitenhage,2024-02-23,88.53
b*Woolworths Port Elizabeth,2024-03-12,411.07
c*MrPrice Cape Town,2023-12-12,148.97
b*Mr Price Franschhoek,2024-01-19,276.5
Pick n Pay Cape Town,2023-08-14,47.97
c*Truworths Paarl 1983 7290 6146 3686,2023-10-25,135.03
b*Jet Bloemfontein 3299 1187 3224 1386,2024-02-15,417.65
BoxerSuperstores Sea Point 3572 6843 7825 2068,2023-05-12,389.7
b*Clicks Stellenbosch 9599 7798 3289 4010,2023-12-25,424.35
Pick n Pay Sea Point,2023-09-01,212.77
b*Dis-Chem Bloemfontein,2023-08-26,286.6
b*Ackermans Nelspruit 1222 3050 7581 4397,2023-08-21,10.44
c*Game Johannesburg,2024-04-20,196.35
c*Game Uitenhage 7396 3130 1889 6135,2023-10-20,384.99
Takealot Simon’s Town 4981 9257 2050 6175,2023-11-02,176.74
c*Mr Price Kimberley 6948 7605 6481 4051,2023-04-24,240.66
c*Spar Johannesburg 4413 7171 6564 7527,2024-03-31,422.33
c*Game Bloemfontein,2023-12-02,215.7
b*Dis-Chem Paarl,2024-02-11,490.18
b*PicknPay Franschhoek 1980 7541 2453 3864,2023-05-06,385.67
b*Ackermans Durban 8801 7810 6291 3143,2023-06-10,212.06
c*Boxer Superstores Polokwane 6282 9753 8936 6700,2023-07-03,490.23
c*Clicks Rustenburg 2590 6399 7656 5926,2024-01-13,82.18
b*Ackermans Claremont,2023-04-24,362.82
b*Truworths Muizenberg 9439 8209 5945 3391,2023-12-29,22.32
Woolworths Muizenberg 3849 8234 8311 3439,2024-03-25,35.87
c*Shoprite Stellenbosch 2576 3292 3293 2732,2024-01-20,39.28
b*HiFiCorp Pietermaritzburg 2306 6095 3470 3976,2023-09-23,489.2
c*Takealot Pietermaritzburg,2023-12-18,432.04
c*Pick n Pay Soweto,2024-03-26,109.76
c*BuildersWarehouse Paarl 1348 4911 1175 8029,2023-05-10,400.4
c*Game Kimberley,2024-03-22,245.16
c*Takealot Johannesburg 2447 4788 8218 6430,2024-04-01,479.61
Takealot Bloemfontein 9360 6039 9583 7559,2023-11-02,275.56
BuildersWarehouse Claremont 1043 3563 8765 5236,2023-11-12,261.95
b*Truworths Pretoria 9084 8448 4284 6525,2024-03-15,405.32
c*Checkers Sunninghill 8539 5422 1286 7071,2023-10-19,132.54
c*Edgars Rustenburg,2024-01-24,301.2
c*Dis-Chem Bloemfontein 4307 1278 1254 6502,2024-01-04,367.76
b*MrPrice Mafikeng,2023-08-18,389.03
Truworths Pietermaritzburg,2023-05-07,462.69
BoxerSuperstores Paarl,2023-06-18,72.11
b*Exclusive Books Hermanus,2024-04-23,470.2
c*HiFiCorp Knysna,2024-01-06,458.29
c*MrPrice Pretoria 5682 7329 5415 1190,2024-04-16,389.05
Clicks Simon’s Town,2024-03-20,15.14
Jet Johannesburg 2456 8477 1778 5506,2023-11-06,10.7
b*Incredible Connection Paarl,2023-04-24,373.16
b*Jet Paarl,2024-03-08,237.41
Takealot George 7251 1462 5271 2998,2023-07-09,439.12
Incredible Connection Kalk Bay 2682 7549 2858 8984,2023-09-01,422.29
b*Shoprite Polokwane 5768 4227 9873 7507,2023-10-10,320.25
c*HiFiCorp Port Elizabeth 6778 3860 3728 1297,2023-06-09,166.58
c*Spar Sea Point 3668 8714 7965 8805,2023-12-30,35.91
Checkers Johannesburg 4691 9633 6973 3831,2024-03-06,120.36
Ackermans Cape Town,2024-04-04,391.06
c*Edgars Claremont,2024-01-17,352.41
c*Game Pietermaritzburg,2023-11-01,494.89
Truworths Simon’s Town 6566 7673 1603 7085,2023-05-17,438.84
Game George 6541 5975 1727 8734,2023-08-09,388.81
Jet Kalk Bay 1928 5687 5903 6490,2023-12-13,142.84
Jet Rustenburg,2023-11-19,423.31
b*Dis-Chem Hout Bay 2572 9121 9032 3467,2023-10-04,20.88
b*Makro Knysna 3471 6319 3615 7565,2023-12-03,264.58
c*Incredible Connection Kimberley,2024-03-30,40.11
b*Dis-Chem Durban,2023-05-06,20.96
b*Clicks Knysna,2023-11-27,306.5
c*Woolworths Pretoria 6075 3881 3620 2861,2024-02-12,35.23
Clicks Hermanus,2024-02-04,203.22
Takealot Sunninghill 5642 9511 4714 3062,2023-11-10,169.81
Truworths Bloemfontein 7186 8553 6159 3882,2024-04-22,164.41
Truworths Kalk Bay 8723 2251 9754 7199,2023-06-01,496.79
Spar Bloemfontein,2024-03-20,266.18
Checkers Paarl 7093 5864 9785 1445,2023-08-27,449.1
Woolworths Pretoria 2188 8406 5088 1655,2024-04-04,131.3
b*ExclusiveBooks Rustenburg,2023-11-09,313.47
Woolworths Franschhoek 4909 5189 2432 9420,2023-05-20,373.17
b*Pick n Pay Rustenburg,2023-11-11,281.55
Woolworths Paarl 2657 9006 1883 2983,2023-08-31,16.0
Woolworths Knysna,2024-01-03,213.28
Jet Sunninghill 2693 4828 6402 2265,2023-09-13,21.25
c*Game Claremont 4176 4640 2443 7870,2023-04-25,494.57
c*Clicks Hermanus 6469 3977 2086 7861,2023-09-07,373.91
c*PicknPay Knysna,2023-09-10,363.46
c*Takealot Paarl,2023-06-11,273.41
c*Spar Pietermaritzburg 4592 4214 9025 6930,2024-01-11,233.83
Incredible Connection Hout Bay,2023-10-08,480.56
b*Spar Cape Town,2023-10-31,131.76
b*Shoprite Pretoria 1095 4825 4190 6580,2023-07-29,294.73
Shoprite Hermanus,2023-12-10,195.11
Edgars Durban 5761 4580 3530 6901,2023-07-20,436.62
Checkers Paarl,2024-02-28,12.89
b*Dis-Chem Knysna 7886 2850 4554 8000,2023-09-26,466.45
b*Shoprite Oudtshoorn,2024-01-19,380.02
BuildersWarehouse Durban 3268 7023 9184 7746,2024-01-07,199.41
c*Spar Hout Bay,2024-04-10,362.14
b*Checkers Mafikeng 5867 4993 5085 9187,2023-09-07,315.24
c*Truworths Sunninghill 5747 7691 7285 3965,2023-05-13,416.04
c*MrPrice Sea Point,2024-03-26,352.05
Game Claremont 8744 3547 4277 8576,2023-06-02,18.68
c*Incredible Connection Port Elizabeth 5011 4944 8136 1230,2023-07-14,46.31
MrPrice Johannesburg,2023-06-12,291.27
Dis-Chem Rustenburg,2024-03-07,421.15
c*Ackermans Simon’s Town 7845 9498 1722 9251,2023-10-14,146.72
c*MrPrice Johannesburg,2024-03-29,488.06
b*Jet Bloemfontein,2024-04-15,163.46
c*Shoprite Soweto,2024-04-18,445.67
c*Makro Uitenhage,2023-12-22,129.85
Game Bloemfontein 2927 8278 8362 2647,2023-10-09,29.38
b*HiFi Corp Pretoria,2023-11-08,462.85
Ackermans Pretoria,2023-11-26,157.57
c*BoxerSuperstores Pietermaritzburg 2480 7762 9554 2112,2023-09-16,65.76
c*ExclusiveBooks Claremont 1784 7788 9001 7386,2023-12-26,376.85
c*Shoprite Kimberley 6171 3037 4423 7935,2024-02-10,65.34
c*Edgars Paarl,2023-12-12,311.42
c*Shoprite Hout Bay 3130 1672 7127 8548,2023-06-27,8.48
b*Jet Hout Bay,2023-06-27,381.28
c*Shoprite Durban,2024-01-27,142.52
b*Dis-Chem Kalk Bay 3033 3397 1545 2959,2023-07-02,352.22
c*Builders Warehouse Muizenberg 8720 1490 3086 7151,2023-09-01,138.09
Truworths Polokwane,2024-01-31,204.45
b*Ackermans Hermanus 2216 6947 1687 4564,2024-03-13,448.19
c*Builders Warehouse Nelspruit 3499 5159 6220 6608,2023-11-12,337.99
b*Mr Price Bloemfontein 4825 9709 4849 4376,2023-04-28,311.1
Game Claremont,2023-05-11,449.09
b*Woolworths Nelspruit,2024-01-30,430.31
b*Edgars Grahamstown,2024-03-05,318.95
Game Polokwane,2023-06-27,435.18
b*Truworths Bloemfontein 4750 1904 8481 8334,2023-08-25,442.39
b*IncredibleConnection Rustenburg,2023-06-16,119.47
b*Shoprite Pietermaritzburg,2023-04-24,387.09
b*MrPrice Muizenberg,2023-11-27,16.56
c*HiFiCorp Simon’s Town,2023-11-03,259.06
Jet Cape Town 3822 3917 8916 1760,2023-09-17,291.9
b*Jet Oudtshoorn 9070 8109 5697 6293,2023-12-02,74.82
Edgars Paarl 6079 5588 7071 3760,2023-05-07,275.69
c*Edgars George,2023-05-24,457.5
c*Ackermans Hout Bay,2024-04-15,20.11
IncredibleConnection Hout Bay,2023-09-14,98.75
b*Pick n Pay Stellenbosch 4831 4601 3707 4976,2023-09-13,209.74
ExclusiveBooks Sea Point,2023-05-19,66.03
b*Shoprite Hout Bay 6523 8044 1486 9439,2023-08-02,294.26
Pick n Pay Johannesburg,2023-11-18,170.94
b*Clicks Oudtshoorn 5862 4169 3081 2570,2024-04-10,355.78
IncredibleConnection Sunninghill 6925 4248 9044 7579,2023-10-12,399.44
b*Mr Price Sea Point,2023-08-18,129.91
Jet Sunninghill,2023-09-27,289.12
b*Shoprite Mafikeng,2024-01-29,465.18
b*Spar Soweto 6653 1211 6951 1206,2024-04-13,167.79
b*Shoprite Muizenberg,2023-05-07,460.07
b*Mr Price Johannesburg,2023-06-24,307.41
b*Dis-Chem Stellenbosch,2023-11-12,359.14
Game Johannesburg 2401 5485 9606 1492,2023-11-15,10.74
c*MrPrice Cape Town,2023-05-09,10.57
b*Checkers Port Elizabeth,2024-03-04,122.58
b*Game Kalk Bay 3549 6222 4932 6627,2023-06-22,392.51
b*Dis-Chem Durban,2023-08-19,247.02
MrPrice Uitenhage,2023-09-16,282.33
Shoprite Stellenbosch,2024-03-05,90.99
Shoprite Kalk Bay 4384 1273 5785 7663,2023-07-21,374.89
c*Builders Warehouse Kimberley,2024-01-11,96.92
c*Dis-Chem Nelspruit,2023-05-14,286.26
c*Shoprite Muizenberg 8375 9112 9642 5069,2023-09-27,402.67
b*BoxerSuperstores Grahamstown 9375 2822 3373 5642,2023-04-25,394.63
c*Exclusive Books Muizenberg 2181 5596 3355 5758,2024-01-18,42.36
c*Clicks Nelspruit 7656 2456 8257 1912,2024-01-16,262.07
c*Checkers Kalk Bay,2024-01-18,136.36
Game Muizenberg,2023-05-21,383.21
